[

    {
        "model": "protoedit.character",
        "pk": 1,
        "fields": {
            "name": "Ted Kaczynski",
            "key": true
        }
    },
    
    {
        "model": "protoedit.character",
        "pk": 2,
        "fields": {
            "name": "Dr. Stefan Leader",
            "key": false
        }
    },
    
    {
        "model": "protoedit.character",
        "pk": 3,
        "fields": {
            "name": "Mata Hari",
            "key": true
        }
    },
    
    {
        "model": "protoedit.character",
        "pk": 4,
        "fields": {
            "name": "Timothy McVeigh",
            "key": false
        }
    },
    
    {
        "model": "protoedit.character",
        "pk": 5,
        "fields": {
            "name": "Jonathan James",
            "key": false
        }
    },
    
    {
        "model": "protoedit.character",
        "pk": 6,
        "fields": {
            "name": "Adrian Lamo",
            "key": false
        }
    },
    
    {
        "model": "protoedit.character",
        "pk": 7,
        "fields": {
            "name": "Osama Bin Laden",
            "key": false
        }
    },
    
    {
        "model": "protoedit.character",
        "pk": 8,
        "fields": {
            "name": "Abu Musab Al-Zarqawi",
            "key": false
        }
    },
    
    {
        "model": "protoedit.character",
        "pk": 9,
        "fields": {
            "name": "Alexander Kalashov",
            "key": false
        }
    },
    
    {
        "model": "protoedit.character",
        "pk": 10,
        "fields": {
            "name": "Fidel Castro",
            "key": false
        }
    },
    
    {
        "model": "protoedit.character",
        "pk": 11,
        "fields": {
            "name": "Yasser Arafat",
            "key": false
        }
    },
    
    {
        "model": "protoedit.character",
        "pk": 12,
        "fields": {
            "name": "Kim Jong-il",
            "key": false
        }
    },
    
    {
        "model": "protoedit.character",
        "pk": 13,
        "fields": {
            "name": "Khalid Mash'al",
            "key": false
        }
    },
    
    {
        "model": "protoedit.character",
        "pk": 14,
        "fields": {
            "name": "Hassan Nasrallah",
            "key": false
        }
    },
    
    {
        "model": "protoedit.character",
        "pk": 15,
        "fields": {
            "name": "Michael McKevitt",
            "key": false
        }
    },
    
    {
        "model": "protoedit.character",
        "pk": 16,
        "fields": {
            "name": "Eduardo Arellano Felix",
            "key": false
        }
    },
    
    {
        "model": "protoedit.character",
        "pk": 17,
        "fields": {
            "name": "Pablo Escobar",
            "key": false
        }
    },
    
    {
        "model": "protoedit.character",
        "pk": 18,
        "fields": {
            "name": "Adolf Hitler",
            "key": false
        }
    },
    
    {
        "model": "protoedit.character",
        "pk": 19,
        "fields": {
            "name": "Joseph Stalin",
            "key": false
        }
    },
    
    {
        "model": "protoedit.character",
        "pk": 20,
        "fields": {
            "name": "Pol Pot",
            "key": false
        }
    },
    
    {
        "model": "protoedit.character",
        "pk": 21,
        "fields": {
            "name": "Idi Amin Dada",
            "key": false
        }
    },
    
    {
        "model": "protoedit.character",
        "pk": 22,
        "fields": {
            "name": "Ayatollah Khomeini",
            "key": false
        }
    },
    
    {
        "model": "protoedit.character",
        "pk": 23,
        "fields": {
            "name": "Pedro Alonso Lopez",
            "key": false
        }
    },
    
    {
        "model": "protoedit.character",
        "pk": 24,
        "fields": {
            "name": "Henry Lee Lucas",
            "key": false
        }
    },
    
    {
        "model": "protoedit.character",
        "pk": 25,
        "fields": {
            "name": "Nidal Malik Hassan",
            "key": false
        }
    },
    
    {
        "model": "protoedit.character",
        "pk": 26,
        "fields": {
            "name": "Charles Whitman",
            "key": false
        }
    },
    
    {
        "model": "protoedit.character",
        "pk": 27,
        "fields": {
            "name": "Patty Hearst",
            "key": false
        }
    },
    
    {
        "model": "protoedit.character",
        "pk": 28,
        "fields": {
            "name": "Fusako Shigenobu",
            "key": false
        }
    },
    
    {
        "model": "protoedit.character",
        "pk": 29,
        "fields": {
            "name": "Leida Khaled",
            "key": false
        }
    },
    
    {
        "model": "protoedit.location",
        "pk": 1,
        "fields": {
            "name": "Seattle",
            "x": 0,
            "y": 0
        }
    },
    
    {
        "model": "protoedit.location",
        "pk": 2,
        "fields": {
            "name": "SanFrancisco",
            "x": 0,
            "y": 0
        }
    },
    
    {
        "model": "protoedit.location",
        "pk": 3,
        "fields": {
            "name": "Chicago",
            "x": 0,
            "y": 0
        }
    },
    
    {
        "model": "protoedit.location",
        "pk": 4,
        "fields": {
            "name": "Houston",
            "x": 0,
            "y": 0
        }
    },
    
    {
        "model": "protoedit.location",
        "pk": 5,
        "fields": {
            "name": "NewYork",
            "x": 0,
            "y": 0
        }
    },
    
    {
        "model": "protoedit.location",
        "pk": 6,
        "fields": {
            "name": "Wash.DC",
            "x": 0,
            "y": 0
        }
    },
    
    {
        "model": "protoedit.location",
        "pk": 7,
        "fields": {
            "name": "MexicoCity",
            "x": 0,
            "y": 0
        }
    },
    
    {
        "model": "protoedit.location",
        "pk": 8,
        "fields": {
            "name": "Bogota",
            "x": 0,
            "y": 0
        }
    },
    
    {
        "model": "protoedit.location",
        "pk": 9,
        "fields": {
            "name": "Lima",
            "x": 0,
            "y": 0
        }
    },
    
    {
        "model": "protoedit.location",
        "pk": 10,
        "fields": {
            "name": "BuenosAires",
            "x": 0,
            "y": 0
        }
    },
    
    {
        "model": "protoedit.location",
        "pk": 11,
        "fields": {
            "name": "SanPaulo",
            "x": 0,
            "y": 0
        }
    },
    
    {
        "model": "protoedit.location",
        "pk": 12,
        "fields": {
            "name": "Johannesburg",
            "x": 0,
            "y": 0
        }
    },
    
    {
        "model": "protoedit.location",
        "pk": 13,
        "fields": {
            "name": "Lagos",
            "x": 0,
            "y": 0
        }
    },
    
    {
        "model": "protoedit.location",
        "pk": 14,
        "fields": {
            "name": "Algiers",
            "x": 0,
            "y": 0
        }
    },
    
    {
        "model": "protoedit.location",
        "pk": 15,
        "fields": {
            "name": "Cairo",
            "x": 0,
            "y": 0
        }
    },
    
    {
        "model": "protoedit.location",
        "pk": 16,
        "fields": {
            "name": "Riyadh",
            "x": 0,
            "y": 0
        }
    },
    
    {
        "model": "protoedit.location",
        "pk": 17,
        "fields": {
            "name": "Baghdad",
            "x": 0,
            "y": 0
        }
    },
    
    {
        "model": "protoedit.location",
        "pk": 18,
        "fields": {
            "name": "Jerusalem",
            "x": 0,
            "y": 0
        }
    },
    
    {
        "model": "protoedit.location",
        "pk": 19,
        "fields": {
            "name": "Istanbul",
            "x": 0,
            "y": 0
        }
    },
    
    {
        "model": "protoedit.location",
        "pk": 20,
        "fields": {
            "name": "Rome",
            "x": 0,
            "y": 0
        }
    },
    
    {
        "model": "protoedit.location",
        "pk": 21,
        "fields": {
            "name": "Madrid",
            "x": 0,
            "y": 0
        }
    },
    
    {
        "model": "protoedit.location",
        "pk": 22,
        "fields": {
            "name": "Paris",
            "x": 0,
            "y": 0
        }
    },
    
    {
        "model": "protoedit.location",
        "pk": 23,
        "fields": {
            "name": "Berlin",
            "x": 0,
            "y": 0
        }
    },
    
    {
        "model": "protoedit.location",
        "pk": 24,
        "fields": {
            "name": "London",
            "x": 0,
            "y": 0
        }
    },
    
    {
        "model": "protoedit.location",
        "pk": 25,
        "fields": {
            "name": "Moscow",
            "x": 0,
            "y": 0
        }
    },
    
    {
        "model": "protoedit.location",
        "pk": 26,
        "fields": {
            "name": "Mumbai",
            "x": 0,
            "y": 0
        }
    },
    
    {
        "model": "protoedit.location",
        "pk": 27,
        "fields": {
            "name": "Bangkok",
            "x": 0,
            "y": 0
        }
    },
    
    {
        "model": "protoedit.location",
        "pk": 28,
        "fields": {
            "name": "Singapore",
            "x": 0,
            "y": 0
        }
    },
    
    {
        "model": "protoedit.location",
        "pk": 29,
        "fields": {
            "name": "HongKong",
            "x": 0,
            "y": 0
        }
    },
    
    {
        "model": "protoedit.location",
        "pk": 30,
        "fields": {
            "name": "Beijing",
            "x": 0,
            "y": 0
        }
    },
    
    {
        "model": "protoedit.location",
        "pk": 31,
        "fields": {
            "name": "Seoul",
            "x": 0,
            "y": 0
        }
    },
    
    {
        "model": "protoedit.location",
        "pk": 32,
        "fields": {
            "name": "Tokyo",
            "x": 0,
            "y": 0
        }
    },
    
    {
        "model": "protoedit.location",
        "pk": 33,
        "fields": {
            "name": "Sidney",
            "x": 0,
            "y": 0
        }
    },
    
    {
        "model": "protoedit.event",
        "pk": 1,
        "fields": {
            "turn":  0
        }
    },

    {
        "model": "protoedit.description",
        "pk": 1,
        "fields": {
            "text": "Correspondence levels increase between Idi Amin and Hassan Nasrallah",
            "hidden":  false
        }
    },

    {
        "model": "protoedit.describedby",
        "pk": 1,
        "fields": {
            "event_id": 1,
            "description_id": 1
        }
    },
    
    {
        "model": "protoedit.involved",
        "pk": 1,
        "fields": {
            "event_id": 1,
            "character_id": 14
        }
    },
    
    {
        "model": "protoedit.event",
        "pk": 2,
        "fields": {
            "turn":  0
        }
    },

    {
        "model": "protoedit.description",
        "pk": 2,
        "fields": {
            "text": "Hassan Nasrallah corresponds with Mata Hari and Adof Hitler",
            "hidden":  false
        }
    },

    {
        "model": "protoedit.describedby",
        "pk": 2,
        "fields": {
            "event_id": 2,
            "description_id": 2
        }
    },
    
    {
        "model": "protoedit.involved",
        "pk": 2,
        "fields": {
            "event_id": 2,
            "character_id": 3
        }
    },
    
    {
        "model": "protoedit.involved",
        "pk": 3,
        "fields": {
            "event_id": 2,
            "character_id": 14
        }
    },
    
    {
        "model": "protoedit.event",
        "pk": 3,
        "fields": {
            "turn":  0
        }
    },

    {
        "model": "protoedit.description",
        "pk": 3,
        "fields": {
            "text": "Major Arms sell occurs in Palestine and Syria",
            "hidden":  false
        }
    },

    {
        "model": "protoedit.describedby",
        "pk": 3,
        "fields": {
            "event_id": 3,
            "description_id": 3
        }
    },
    
    {
        "model": "protoedit.event",
        "pk": 4,
        "fields": {
            "turn":  0
        }
    },

    {
        "model": "protoedit.description",
        "pk": 4,
        "fields": {
            "text": "Major financial transaction occurs Iran to Idi Amin",
            "hidden":  false
        }
    },

    {
        "model": "protoedit.describedby",
        "pk": 4,
        "fields": {
            "event_id": 4,
            "description_id": 4
        }
    },
    
    {
        "model": "protoedit.event",
        "pk": 5,
        "fields": {
            "turn":  0
        }
    },

    {
        "model": "protoedit.description",
        "pk": 5,
        "fields": {
            "text": "Hassan Nasrallah visits NYC and Idi Amin",
            "hidden":  false
        }
    },

    {
        "model": "protoedit.describedby",
        "pk": 5,
        "fields": {
            "event_id": 5,
            "description_id": 5
        }
    },
    
    {
        "model": "protoedit.involved",
        "pk": 4,
        "fields": {
            "event_id": 5,
            "character_id": 14
        }
    },
    
    {
        "model": "protoedit.event",
        "pk": 6,
        "fields": {
            "turn":  0
        }
    },

    {
        "model": "protoedit.description",
        "pk": 6,
        "fields": {
            "text": "Mata Hari travels to Seattle and meets with Hassan Nasrallah",
            "hidden":  false
        }
    },

    {
        "model": "protoedit.describedby",
        "pk": 6,
        "fields": {
            "event_id": 6,
            "description_id": 6
        }
    },
    
    {
        "model": "protoedit.involved",
        "pk": 5,
        "fields": {
            "event_id": 6,
            "character_id": 3
        }
    },
    
    {
        "model": "protoedit.involved",
        "pk": 6,
        "fields": {
            "event_id": 6,
            "character_id": 14
        }
    },
    
    {
        "model": "protoedit.happenedat",
        "pk": 1,
        "fields": {
            "event_id": 6,
            "location_id": 1
        }
    },
    
    {
        "model": "protoedit.event",
        "pk": 7,
        "fields": {
            "turn":  0
        }
    },

    {
        "model": "protoedit.description",
        "pk": 7,
        "fields": {
            "text": "Adolf Hitler travels to Seattle and meets with Hassan Nasrallah",
            "hidden":  false
        }
    },

    {
        "model": "protoedit.describedby",
        "pk": 7,
        "fields": {
            "event_id": 7,
            "description_id": 7
        }
    },
    
    {
        "model": "protoedit.involved",
        "pk": 7,
        "fields": {
            "event_id": 7,
            "character_id": 18
        }
    },
    
    {
        "model": "protoedit.involved",
        "pk": 8,
        "fields": {
            "event_id": 7,
            "character_id": 14
        }
    },
    
    {
        "model": "protoedit.happenedat",
        "pk": 2,
        "fields": {
            "event_id": 7,
            "location_id": 1
        }
    },
    
    {
        "model": "protoedit.event",
        "pk": 8,
        "fields": {
            "turn":  0
        }
    },

    {
        "model": "protoedit.description",
        "pk": 8,
        "fields": {
            "text": "Mata Hari meets with Ted Kaczynski in Midway; Texas",
            "hidden":  false
        }
    },

    {
        "model": "protoedit.describedby",
        "pk": 8,
        "fields": {
            "event_id": 8,
            "description_id": 8
        }
    },
    
    {
        "model": "protoedit.involved",
        "pk": 9,
        "fields": {
            "event_id": 8,
            "character_id": 3
        }
    },
    
    {
        "model": "protoedit.involved",
        "pk": 10,
        "fields": {
            "event_id": 8,
            "character_id": 1
        }
    },
    
    {
        "model": "protoedit.event",
        "pk": 9,
        "fields": {
            "turn":  0
        }
    },

    {
        "model": "protoedit.description",
        "pk": 9,
        "fields": {
            "text": "Adolf Hitler meets with Pol Pot in Houston",
            "hidden":  false
        }
    },

    {
        "model": "protoedit.describedby",
        "pk": 9,
        "fields": {
            "event_id": 9,
            "description_id": 9
        }
    },
    
    {
        "model": "protoedit.involved",
        "pk": 11,
        "fields": {
            "event_id": 9,
            "character_id": 18
        }
    },
    
    {
        "model": "protoedit.involved",
        "pk": 12,
        "fields": {
            "event_id": 9,
            "character_id": 20
        }
    },
    
    {
        "model": "protoedit.happenedat",
        "pk": 3,
        "fields": {
            "event_id": 9,
            "location_id": 4
        }
    },
    
    {
        "model": "protoedit.event",
        "pk": 10,
        "fields": {
            "turn":  0
        }
    },

    {
        "model": "protoedit.description",
        "pk": 10,
        "fields": {
            "text": "Pol Pot receives large transaction of funds into account",
            "hidden":  false
        }
    },

    {
        "model": "protoedit.describedby",
        "pk": 10,
        "fields": {
            "event_id": 10,
            "description_id": 10
        }
    },
    
    {
        "model": "protoedit.involved",
        "pk": 13,
        "fields": {
            "event_id": 10,
            "character_id": 20
        }
    },
    
    {
        "model": "protoedit.event",
        "pk": 11,
        "fields": {
            "turn":  0
        }
    },

    {
        "model": "protoedit.description",
        "pk": 11,
        "fields": {
            "text": "Ted Kaczynski travels to Dallas/Fort Worth and visits old friends in water systems",
            "hidden":  false
        }
    },

    {
        "model": "protoedit.describedby",
        "pk": 11,
        "fields": {
            "event_id": 11,
            "description_id": 11
        }
    },
    
    {
        "model": "protoedit.involved",
        "pk": 14,
        "fields": {
            "event_id": 11,
            "character_id": 1
        }
    },
    
    {
        "model": "protoedit.event",
        "pk": 12,
        "fields": {
            "turn":  0
        }
    },

    {
        "model": "protoedit.description",
        "pk": 12,
        "fields": {
            "text": "Pol Pot makes reservations for Indonesia (one way)",
            "hidden":  false
        }
    },

    {
        "model": "protoedit.describedby",
        "pk": 12,
        "fields": {
            "event_id": 12,
            "description_id": 12
        }
    },
    
    {
        "model": "protoedit.involved",
        "pk": 15,
        "fields": {
            "event_id": 12,
            "character_id": 20
        }
    },
    
    {
        "model": "protoedit.event",
        "pk": 13,
        "fields": {
            "turn":  0
        }
    },

    {
        "model": "protoedit.description",
        "pk": 13,
        "fields": {
            "text": "Ted Kaczynski travels to Houston and visits old friend  in water systems",
            "hidden":  false
        }
    },

    {
        "model": "protoedit.describedby",
        "pk": 13,
        "fields": {
            "event_id": 13,
            "description_id": 13
        }
    },
    
    {
        "model": "protoedit.involved",
        "pk": 16,
        "fields": {
            "event_id": 13,
            "character_id": 1
        }
    },
    
    {
        "model": "protoedit.happenedat",
        "pk": 4,
        "fields": {
            "event_id": 13,
            "location_id": 4
        }
    },
    
    {
        "model": "protoedit.event",
        "pk": 14,
        "fields": {
            "turn":  0
        }
    },

    {
        "model": "protoedit.description",
        "pk": 14,
        "fields": {
            "text": "Pol Pot steals Anthrax from GNL",
            "hidden":  false
        }
    },

    {
        "model": "protoedit.describedby",
        "pk": 14,
        "fields": {
            "event_id": 14,
            "description_id": 14
        }
    },
    
    {
        "model": "protoedit.involved",
        "pk": 17,
        "fields": {
            "event_id": 14,
            "character_id": 20
        }
    },
    
    {
        "model": "protoedit.event",
        "pk": 15,
        "fields": {
            "turn":  0
        }
    },

    {
        "model": "protoedit.description",
        "pk": 15,
        "fields": {
            "text": "Pol Pot meets with Adolf Hitler in Houston",
            "hidden":  false
        }
    },

    {
        "model": "protoedit.describedby",
        "pk": 15,
        "fields": {
            "event_id": 15,
            "description_id": 15
        }
    },
    
    {
        "model": "protoedit.involved",
        "pk": 18,
        "fields": {
            "event_id": 15,
            "character_id": 18
        }
    },
    
    {
        "model": "protoedit.involved",
        "pk": 19,
        "fields": {
            "event_id": 15,
            "character_id": 20
        }
    },
    
    {
        "model": "protoedit.happenedat",
        "pk": 5,
        "fields": {
            "event_id": 15,
            "location_id": 4
        }
    },
    
    {
        "model": "protoedit.event",
        "pk": 16,
        "fields": {
            "turn":  0
        }
    },

    {
        "model": "protoedit.description",
        "pk": 16,
        "fields": {
            "text": "Pol Pot closes bank account and leaves country",
            "hidden":  false
        }
    },

    {
        "model": "protoedit.describedby",
        "pk": 16,
        "fields": {
            "event_id": 16,
            "description_id": 16
        }
    },
    
    {
        "model": "protoedit.involved",
        "pk": 20,
        "fields": {
            "event_id": 16,
            "character_id": 20
        }
    },
    
    {
        "model": "protoedit.event",
        "pk": 17,
        "fields": {
            "turn":  0
        }
    },

    {
        "model": "protoedit.description",
        "pk": 17,
        "fields": {
            "text": "Hassan Nasrallah corresponds with Mata Hari and Adolf Hitler",
            "hidden":  false
        }
    },

    {
        "model": "protoedit.describedby",
        "pk": 17,
        "fields": {
            "event_id": 17,
            "description_id": 17
        }
    },
    
    {
        "model": "protoedit.involved",
        "pk": 21,
        "fields": {
            "event_id": 17,
            "character_id": 3
        }
    },
    
    {
        "model": "protoedit.involved",
        "pk": 22,
        "fields": {
            "event_id": 17,
            "character_id": 18
        }
    },
    
    {
        "model": "protoedit.involved",
        "pk": 23,
        "fields": {
            "event_id": 17,
            "character_id": 14
        }
    },
    
    {
        "model": "protoedit.event",
        "pk": 18,
        "fields": {
            "turn":  0
        }
    },

    {
        "model": "protoedit.description",
        "pk": 18,
        "fields": {
            "text": "Mata Hari (via air); Adolf Hitler (drives) and Hassan (via air) travel to Denver",
            "hidden":  false
        }
    },

    {
        "model": "protoedit.describedby",
        "pk": 18,
        "fields": {
            "event_id": 18,
            "description_id": 18
        }
    },
    
    {
        "model": "protoedit.involved",
        "pk": 24,
        "fields": {
            "event_id": 18,
            "character_id": 3
        }
    },
    
    {
        "model": "protoedit.involved",
        "pk": 25,
        "fields": {
            "event_id": 18,
            "character_id": 18
        }
    },
    
    {
        "model": "protoedit.event",
        "pk": 19,
        "fields": {
            "turn":  0
        }
    },

    {
        "model": "protoedit.description",
        "pk": 19,
        "fields": {
            "text": "Hassan meets with Adolf (obtains Anthrax)",
            "hidden":  false
        }
    },

    {
        "model": "protoedit.describedby",
        "pk": 19,
        "fields": {
            "event_id": 19,
            "description_id": 19
        }
    },
    
    {
        "model": "protoedit.event",
        "pk": 20,
        "fields": {
            "turn":  0
        }
    },

    {
        "model": "protoedit.description",
        "pk": 20,
        "fields": {
            "text": "Hassan meets with Mata Hari (transfers Anthrax)",
            "hidden":  false
        }
    },

    {
        "model": "protoedit.describedby",
        "pk": 20,
        "fields": {
            "event_id": 20,
            "description_id": 20
        }
    },
    
    {
        "model": "protoedit.involved",
        "pk": 26,
        "fields": {
            "event_id": 20,
            "character_id": 3
        }
    },
    
    {
        "model": "protoedit.event",
        "pk": 21,
        "fields": {
            "turn":  0
        }
    },

    {
        "model": "protoedit.description",
        "pk": 21,
        "fields": {
            "text": "Mata Hari drives back to Midway; Texas; Adolf and Hassan return via air",
            "hidden":  false
        }
    },

    {
        "model": "protoedit.describedby",
        "pk": 21,
        "fields": {
            "event_id": 21,
            "description_id": 21
        }
    },
    
    {
        "model": "protoedit.involved",
        "pk": 27,
        "fields": {
            "event_id": 21,
            "character_id": 3
        }
    },
    
    {
        "model": "protoedit.event",
        "pk": 22,
        "fields": {
            "turn":  0
        }
    },

    {
        "model": "protoedit.description",
        "pk": 22,
        "fields": {
            "text": "Mata Hari meets with Ted Kaczynski (transfers Anthrax)",
            "hidden":  false
        }
    },

    {
        "model": "protoedit.describedby",
        "pk": 22,
        "fields": {
            "event_id": 22,
            "description_id": 22
        }
    },
    
    {
        "model": "protoedit.involved",
        "pk": 28,
        "fields": {
            "event_id": 22,
            "character_id": 3
        }
    },
    
    {
        "model": "protoedit.involved",
        "pk": 29,
        "fields": {
            "event_id": 22,
            "character_id": 1
        }
    },
    
    {
        "model": "protoedit.event",
        "pk": 23,
        "fields": {
            "turn":  0
        }
    },

    {
        "model": "protoedit.description",
        "pk": 23,
        "fields": {
            "text": "Ted travels to Dallas/Fort Worth (contaminates water supply)",
            "hidden":  false
        }
    },

    {
        "model": "protoedit.describedby",
        "pk": 23,
        "fields": {
            "event_id": 23,
            "description_id": 23
        }
    },
    
    {
        "model": "protoedit.event",
        "pk": 24,
        "fields": {
            "turn":  0
        }
    },

    {
        "model": "protoedit.description",
        "pk": 24,
        "fields": {
            "text": "Ted travels to Houston (contaminates water supply)",
            "hidden":  false
        }
    },

    {
        "model": "protoedit.describedby",
        "pk": 24,
        "fields": {
            "event_id": 24,
            "description_id": 24
        }
    },
    
    {
        "model": "protoedit.happenedat",
        "pk": 6,
        "fields": {
            "event_id": 24,
            "location_id": 4
        }
    },
    
    {
        "model": "protoedit.event",
        "pk": 25,
        "fields": {
            "turn":  0
        }
    },

    {
        "model": "protoedit.description",
        "pk": 25,
        "fields": {
            "text": "ata Hari makes reservations for Cairo; Egypt",
            "hidden":  false
        }
    },

    {
        "model": "protoedit.describedby",
        "pk": 25,
        "fields": {
            "event_id": 25,
            "description_id": 25
        }
    },
    
    {
        "model": "protoedit.happenedat",
        "pk": 7,
        "fields": {
            "event_id": 25,
            "location_id": 15
        }
    }
    ]
